id,createTime,endTime,state,type
109194796,2026-09-15 06:43:50.880000,2026-09-15 06:48:10.031000,EpisodeState.COMPLETED,EpisodeType.EPISODE_TYPE_PUBLIC
109193661,2026-09-15 06:39:53.393000,2026-09-15 06:43:47.831000,EpisodeState.COMPLETED,EpisodeType.EPISODE_TYPE_PUBLIC
109192553,2026-09-15 06:35:51.176000,2026-09-15 06:37:53.357000,EpisodeState.COMPLETED,EpisodeType.EPISODE_TYPE_PUBLIC
109191437,2026-09-15 06:31:51.114000,2026-09-15 06:33:19.528000,EpisodeState.COMPLETED,EpisodeType.EPISODE_TYPE_PUBLIC
109190310,2026-09-15 06:27:50.860000,2026-09-15 06:30:13.257000,EpisodeState.COMPLETED,EpisodeType.EPISODE_TYPE_PUBLIC
109189220,2026-09-15 06:23:49.771000,2026-09-15 06:25:29.650000,EpisodeState.COMPLETED,EpisodeType.EPISODE_TYPE_PUBLIC
109189023,2026-09-15 06:19:56.726000,2026-09-15 06:22:02.359000,EpisodeState.COMPLETED,EpisodeType.EPISODE_TYPE_VALIDATION

Use "kaggle competitions replay <episode_id>" to download a replay, or "kaggle competitions logs <episode_id> <agent_index>" for agent logs.
