Seed,V057_Seat,V057_Cash,Opponent_Cash,V057_Score
10000,0,19825.0,133976.0,0
10000,1,19946.0,149663.0,0
10001,0,9820.0,105756.0,0
10001,1,11773.0,173294.0,0
10002,0,19600.0,144567.0,0
10002,1,11697.0,163811.0,0
10003,0,15532.0,112019.0,0
10003,1,20550.0,152919.0,0
10004,0,10955.0,142075.0,0
10004,1,23713.0,176001.0,0
10005,0,12930.0,144115.0,0
10005,1,28787.0,150091.0,0
10006,0,18719.0,132131.0,0
10006,1,21793.0,173724.0,0
10007,0,12104.0,163607.0,0
10007,1,16184.0,115686.0,0
10008,0,22347.0,143682.0,0
10008,1,11549.0,105980.0,0
10009,0,21980.0,146471.0,0
10009,1,15962.0,96683.0,0
10010,0,20829.0,155507.0,0
10010,1,18315.0,138152.0,0
10011,0,11674.0,126394.0,0
10011,1,19703.0,145062.0,0
10012,0,19526.0,145776.0,0
10012,1,24581.0,129529.0,0
10013,0,16485.0,112992.0,0
10013,1,21329.0,157337.0,0
10014,0,20102.0,158803.0,0
10014,1,10292.0,136539.0,0
10015,0,22277.0,167095.0,0
10015,1,15361.0,102821.0,0
10016,0,14536.0,79276.0,0
10016,1,21953.0,149462.0,0
10017,0,18289.0,139362.0,0
10017,1,14151.0,94072.0,0
10018,0,20574.0,104507.0,0
10018,1,14865.0,89306.0,0
10019,0,19701.0,125810.0,0
10019,1,18281.0,145508.0,0
10020,0,11284.0,153575.0,0
10020,1,28386.0,167111.0,0
10021,0,19883.0,126678.0,0
10021,1,17415.0,91458.0,0
10022,0,21491.0,165818.0,0
10022,1,20324.0,140796.0,0
10023,0,19654.0,153569.0,0
10023,1,21424.0,182306.0,0
10024,0,15318.0,111113.0,0
10024,1,21111.0,152637.0,0
10025,0,20261.0,134737.0,0
10025,1,19731.0,150713.0,0
10026,0,14288.0,158254.0,0
10026,1,12855.0,162197.0,0
10027,0,17854.0,133744.0,0
10027,1,18300.0,129009.0,0
10028,0,17723.0,127466.0,0
10028,1,21636.0,167926.0,0
10029,0,21811.0,160599.0,0
10029,1,25215.0,136975.0,0
10030,0,24084.0,172986.0,0
10030,1,17348.0,114447.0,0
10031,0,17373.0,125324.0,0
10031,1,21961.0,121646.0,0
11000,0,14115.0,95138.0,0
11000,1,20080.0,140129.0,0
11001,0,19067.0,135626.0,0
11001,1,20997.0,156622.0,0
11002,0,11530.0,150352.0,0
11002,1,18680.0,148171.0,0
11003,0,18586.0,121711.0,0
11003,1,21497.0,155075.0,0
11004,0,12354.0,127539.0,0
11004,1,27636.0,165715.0,0
11005,0,18707.0,125479.0,0
11005,1,23076.0,168131.0,0
11006,0,16795.0,102132.0,0
11006,1,22468.0,127322.0,0
11007,0,21045.0,153889.0,0
11007,1,29215.0,164651.0,0
11008,0,21184.0,152939.0,0
11008,1,22073.0,164217.0,0
11009,0,9213.0,93172.0,0
11009,1,14881.0,102868.0,0
11010,0,11264.0,164315.0,0
11010,1,17703.0,125680.0,0
11011,0,22079.0,153429.0,0
11011,1,20533.0,140254.0,0
11012,0,21090.0,154250.0,0
11012,1,18699.0,136254.0,0
11013,0,16772.0,73820.0,0
11013,1,19961.0,165325.0,0
11014,0,18283.0,121912.0,0
11014,1,11794.0,158394.0,0
11015,0,19169.0,127271.0,0
11015,1,21167.0,151586.0,0
11016,0,21544.0,151058.0,0
11016,1,20414.0,154205.0,0
11017,0,20348.0,150946.0,0
11017,1,16058.0,103006.0,0
11018,0,21453.0,155786.0,0
11018,1,21345.0,162880.0,0
11019,0,15607.0,117434.0,0
11019,1,21208.0,143122.0,0
11020,0,30096.0,162312.0,0
11020,1,19736.0,142707.0,0
11021,0,18905.0,140108.0,0
11021,1,16252.0,116895.0,0
11022,0,19976.0,144519.0,0
11022,1,14531.0,107024.0,0
11023,0,19839.0,156317.0,0
11023,1,11100.0,138119.0,0
11024,0,23129.0,167142.0,0
11024,1,24331.0,175329.0,0
11025,0,22520.0,179392.0,0
11025,1,22357.0,167585.0,0
11026,0,15159.0,80174.0,0
11026,1,23079.0,118009.0,0
11027,0,18863.0,138464.0,0
11027,1,18077.0,111015.0,0
11028,0,11250.0,136708.0,0
11028,1,8819.0,84877.0,0
11029,0,10707.0,155352.0,0
11029,1,17705.0,127417.0,0
11030,0,10284.0,48980.0,0
11030,1,18073.0,121190.0,0
11031,0,19444.0,129745.0,0
11031,1,15461.0,111752.0,0
11032,0,20843.0,151351.0,0
11032,1,16626.0,123642.0,0
11033,0,20250.0,155600.0,0
11033,1,19242.0,135149.0,0
11034,0,19693.0,139867.0,0
11034,1,14797.0,169712.0,0
11035,0,13135.0,77835.0,0
11035,1,14672.0,101386.0,0
11036,0,19800.0,151672.0,0
11036,1,11437.0,145241.0,0
11037,0,18287.0,151597.0,0
11037,1,20607.0,156119.0,0
11038,0,16519.0,117630.0,0
11038,1,10105.0,100270.0,0
11039,0,21313.0,157133.0,0
11039,1,21887.0,169482.0,0
11040,0,23442.0,176515.0,0
11040,1,20498.0,158907.0,0
11041,0,27753.0,149489.0,0
11041,1,24059.0,179231.0,0
11042,0,17180.0,121963.0,0
11042,1,19894.0,149001.0,0
11043,0,31034.0,168739.0,0
11043,1,22587.0,151891.0,0
11044,0,19452.0,139640.0,0
11044,1,18965.0,132267.0,0
11045,0,19983.0,147045.0,0
11045,1,18777.0,135137.0,0
11046,0,16718.0,122796.0,0
11046,1,18606.0,136107.0,0
11047,0,16333.0,102618.0,0
11047,1,26776.0,139557.0,0
11048,0,21028.0,154823.0,0
11048,1,20029.0,147960.0,0
11049,0,21985.0,163166.0,0
11049,1,23871.0,170631.0,0
11050,0,24637.0,175310.0,0
11050,1,18521.0,120725.0,0
11051,0,23921.0,180798.0,0
11051,1,20477.0,146649.0,0
11052,0,21154.0,147503.0,0
11052,1,20829.0,160361.0,0
11053,0,20186.0,144599.0,0
11053,1,28787.0,165672.0,0
11054,0,19217.0,112629.0,0
11054,1,30544.0,173637.0,0
11055,0,15864.0,109732.0,0
11055,1,18915.0,128882.0,0
11056,0,29955.0,160519.0,0
11056,1,10299.0,122993.0,0
11057,0,19777.0,147911.0,0
11057,1,21846.0,146094.0,0
11058,0,31876.0,172133.0,0
11058,1,20909.0,156824.0,0
11059,0,16645.0,101414.0,0
11059,1,21477.0,164643.0,0
11060,0,21741.0,152930.0,0
11060,1,24972.0,178865.0,0
11061,0,11039.0,148894.0,0
11061,1,18273.0,79570.0,0
11062,0,20344.0,152741.0,0
11062,1,20121.0,153920.0,0
11063,0,15589.0,91303.0,0
11063,1,21343.0,162475.0,0
