Cluster,Trace,Seed,V057_Seat,V057_Cash,Opponent_Cash,V057_Score
D0-HIRES:5_PLANT:MELON_STRUC:BUILD_PASTURE,episode-108891823-replay_betterme.json,9001,0,22450.0,115026.0,0.0
D0-HIRES:5_PLANT:MELON_STRUC:BUILD_PASTURE,episode-108891823-replay_betterme.json,9000,0,13859.0,130357.0,0.0
D0-HIRES:5_PLANT:MELON_STRUC:BUILD_PASTURE,episode-108891823-replay_betterme.json,9002,1,13767.0,59407.0,0.0
D0-HIRES:5_PLANT:MELON_STRUC:BUILD_PASTURE,episode-108891823-replay_betterme.json,9003,1,19619.0,100347.0,0.0
D0-HIRES:5_PLANT:MELON_STRUC:BUILD_PASTURE,episode-108891823-replay_betterme.json,9004,0,22016.0,113047.0,0.0
D0-HIRES:5_PLANT:MELON_STRUC:BUILD_PASTURE,episode-108891823-replay_betterme.json,9000,1,28452.0,110800.0,0.0
D0-HIRES:5_PLANT:MELON_STRUC:BUILD_PASTURE,episode-108891823-replay_betterme.json,9003,0,27884.0,113783.0,0.0
D0-HIRES:5_PLANT:MELON_STRUC:BUILD_PASTURE,episode-108891823-replay_betterme.json,9005,1,9503.0,90377.0,0.0
D0-HIRES:5_PLANT:MELON_STRUC:BUILD_PASTURE,episode-108891823-replay_betterme.json,9001,1,12173.0,117650.0,0.0
D0-HIRES:5_PLANT:MELON_STRUC:BUILD_PASTURE,episode-108891823-replay_betterme.json,9002,0,11669.0,106000.0,0.0
D0-HIRES:5_PLANT:MELON_STRUC:BUILD_PASTURE,episode-108891823-replay_betterme.json,9006,0,12477.0,53862.0,0.0
D0-HIRES:5_PLANT:MELON_STRUC:BUILD_PASTURE,episode-108891823-replay_betterme.json,9007,0,9927.0,87790.0,0.0
D0-HIRES:5_PLANT:MELON_STRUC:BUILD_PASTURE,episode-108891823-replay_betterme.json,9005,0,22180.0,112762.0,0.0
D0-HIRES:4_PLANT:MELON_STRUC:BUILD_PASTURE,episode-108898043-replay_Haraguchi_T.json,9001,0,23308.0,122431.0,0.0
D0-HIRES:5_PLANT:MELON_STRUC:BUILD_PASTURE,episode-108891823-replay_betterme.json,9006,1,14206.0,117789.0,0.0
D0-HIRES:5_PLANT:MELON_STRUC:BUILD_PASTURE,episode-108891823-replay_betterme.json,9004,1,20917.0,106388.0,0.0
D0-HIRES:4_PLANT:MELON_STRUC:BUILD_PASTURE,episode-108898043-replay_Haraguchi_T.json,9000,1,12911.0,124446.0,0.0
D0-HIRES:4_PLANT:MELON_STRUC:BUILD_PASTURE,episode-108898043-replay_Haraguchi_T.json,9000,0,20055.0,95141.0,0.0
D0-HIRES:4_PLANT:MELON_STRUC:BUILD_PASTURE,episode-108898043-replay_Haraguchi_T.json,9002,1,23146.0,92582.0,0.0
D0-HIRES:5_PLANT:MELON_STRUC:BUILD_PASTURE,episode-108891823-replay_betterme.json,9007,1,13787.0,119696.0,0.0
D0-HIRES:4_PLANT:MELON_STRUC:BUILD_PASTURE,episode-108898043-replay_Haraguchi_T.json,9003,0,23804.0,124584.0,0.0
D0-HIRES:4_PLANT:MELON_STRUC:BUILD_PASTURE,episode-108898043-replay_Haraguchi_T.json,9001,1,12762.0,92296.0,0.0
D0-HIRES:4_PLANT:MELON_STRUC:BUILD_PASTURE,episode-108898043-replay_Haraguchi_T.json,9003,1,23374.0,129983.0,0.0
D0-HIRES:4_PLANT:MELON_STRUC:BUILD_PASTURE,episode-108898043-replay_Haraguchi_T.json,9004,1,13303.0,123774.0,0.0
D0-HIRES:4_PLANT:MELON_STRUC:BUILD_PASTURE,episode-108898043-replay_Haraguchi_T.json,9005,0,11604.0,94449.0,0.0
D0-HIRES:4_PLANT:MELON_STRUC:BUILD_PASTURE,episode-108898043-replay_Haraguchi_T.json,9002,0,29545.0,134851.0,0.0
D0-HIRES:4_PLANT:MELON_STRUC:BUILD_PASTURE,episode-108898043-replay_Haraguchi_T.json,9006,0,16911.0,93599.0,0.0
D0-HIRES:4_PLANT:MELON_STRUC:BUILD_PASTURE,episode-108898043-replay_Haraguchi_T.json,9005,1,22164.0,133061.0,0.0
D0-HIRES:4_PLANT:MELON_STRUC:BUILD_PASTURE,episode-108898043-replay_Haraguchi_T.json,9004,0,20645.0,103426.0,0.0
D0-HIRES:5_PLANT:WHEAT_STRUC:BUILD_PASTURE,episode-108890831-replay_arhaan_rai.json,9001,1,34502.0,1340.0,1.0
D0-HIRES:4_PLANT:MELON_STRUC:BUILD_PASTURE,episode-108898043-replay_Haraguchi_T.json,9006,1,20608.0,103891.0,0.0
D0-HIRES:4_PLANT:MELON_STRUC:BUILD_PASTURE,episode-108898043-replay_Haraguchi_T.json,9007,0,23938.0,121323.0,0.0
D0-HIRES:5_PLANT:WHEAT_STRUC:BUILD_PASTURE,episode-108890831-replay_arhaan_rai.json,9002,1,28798.0,594.0,1.0
D0-HIRES:5_PLANT:WHEAT_STRUC:BUILD_PASTURE,episode-108890831-replay_arhaan_rai.json,9000,0,26597.0,650.0,1.0
D0-HIRES:5_PLANT:WHEAT_STRUC:BUILD_PASTURE,episode-108890831-replay_arhaan_rai.json,9000,1,32240.0,564.0,1.0
D0-HIRES:4_PLANT:MELON_STRUC:BUILD_PASTURE,episode-108898043-replay_Haraguchi_T.json,9007,1,10947.0,102324.0,0.0
D0-HIRES:5_PLANT:WHEAT_STRUC:BUILD_PASTURE,episode-108890831-replay_arhaan_rai.json,9001,0,25904.0,504.0,1.0
D0-HIRES:5_PLANT:WHEAT_STRUC:BUILD_PASTURE,episode-108890831-replay_arhaan_rai.json,9004,0,32649.0,642.0,1.0
D0-HIRES:5_PLANT:WHEAT_STRUC:BUILD_PASTURE,episode-108890831-replay_arhaan_rai.json,9002,0,25854.0,612.0,1.0
D0-HIRES:5_PLANT:WHEAT_STRUC:BUILD_PASTURE,episode-108890831-replay_arhaan_rai.json,9005,1,30873.0,564.0,1.0
D0-HIRES:5_PLANT:WHEAT_STRUC:BUILD_PASTURE,episode-108890831-replay_arhaan_rai.json,9004,1,28172.0,630.0,1.0
D0-HIRES:5_PLANT:WHEAT_STRUC:BUILD_PASTURE,episode-108890831-replay_arhaan_rai.json,9003,0,28260.0,577.0,1.0
D0-HIRES:5_PLANT:WHEAT_STRUC:BUILD_PASTURE,episode-108890831-replay_arhaan_rai.json,9003,1,28352.0,654.0,1.0
D0-HIRES:5_PLANT:WHEAT_STRUC:BUILD_PASTURE,episode-108890831-replay_arhaan_rai.json,9007,0,29876.0,450.0,1.0
D0-HIRES:5_PLANT:WHEAT_STRUC:BUILD_PASTURE,episode-108890831-replay_arhaan_rai.json,9006,1,26744.0,648.0,1.0
D0-HIRES:5_PLANT:WHEAT_STRUC:BUILD_PASTURE,episode-108890831-replay_arhaan_rai.json,9005,0,25401.0,899.0,1.0
D0-HIRES:5_PLANT:WHEAT_STRUC:BUILD_PASTURE,episode-108890831-replay_arhaan_rai.json,9006,0,27088.0,545.0,1.0
D0-HIRES:5_PLANT:WHEAT_STRUC:BUILD_PASTURE,episode-108890831-replay_arhaan_rai.json,9007,1,27372.0,471.0,1.0
D0-HIRES:4_PLANT:WHEAT_STRUC:BUILD_PASTURE,episode-108890045-replay_Lavanya_Bacche.json,9000,0,23176.0,24951.0,0.0
D0-HIRES:4_PLANT:WHEAT_STRUC:BUILD_PASTURE,episode-108890045-replay_Lavanya_Bacche.json,9000,1,20536.0,23468.0,0.0
D0-HIRES:4_PLANT:WHEAT_STRUC:BUILD_PASTURE,episode-108890045-replay_Lavanya_Bacche.json,9003,0,13531.0,26604.0,0.0
D0-HIRES:4_PLANT:WHEAT_STRUC:BUILD_PASTURE,episode-108890045-replay_Lavanya_Bacche.json,9004,0,24019.0,15715.0,1.0
D0-HIRES:4_PLANT:WHEAT_STRUC:BUILD_PASTURE,episode-108890045-replay_Lavanya_Bacche.json,9003,1,22907.0,15290.0,1.0
D0-HIRES:4_PLANT:WHEAT_STRUC:BUILD_PASTURE,episode-108890045-replay_Lavanya_Bacche.json,9001,0,19513.0,11652.0,1.0
D0-HIRES:4_PLANT:WHEAT_STRUC:BUILD_PASTURE,episode-108890045-replay_Lavanya_Bacche.json,9004,1,23098.0,13110.0,1.0
D0-HIRES:4_PLANT:WHEAT_STRUC:BUILD_PASTURE,episode-108890045-replay_Lavanya_Bacche.json,9002,0,22764.0,13512.0,1.0
D0-HIRES:4_PLANT:WHEAT_STRUC:BUILD_PASTURE,episode-108890045-replay_Lavanya_Bacche.json,9001,1,18981.0,21325.0,0.0
D0-HIRES:4_PLANT:WHEAT_STRUC:BUILD_PASTURE,episode-108890045-replay_Lavanya_Bacche.json,9002,1,22443.0,22269.0,1.0
D0-HIRES:4_PLANT:WHEAT_STRUC:BUILD_PASTURE,episode-108890045-replay_Lavanya_Bacche.json,9006,0,23739.0,32009.0,0.0
D0-HIRES:4_PLANT:WHEAT_STRUC:BUILD_PASTURE,episode-108890045-replay_Lavanya_Bacche.json,9007,0,21953.0,13052.0,1.0
D0-HIRES:4_PLANT:WHEAT_STRUC:BUILD_PASTURE,episode-108890045-replay_Lavanya_Bacche.json,9006,1,23467.0,14442.0,1.0
D0-HIRES:6_PLANT:WHEAT_STRUC:BUILD_PASTURE,episode-108889105-replay_Aggri_goon.json,9000,0,30853.0,44016.0,0.0
D0-HIRES:6_PLANT:WHEAT_STRUC:BUILD_PASTURE,episode-108889105-replay_Aggri_goon.json,9001,0,31216.0,42025.0,0.0
D0-HIRES:4_PLANT:WHEAT_STRUC:BUILD_PASTURE,episode-108890045-replay_Lavanya_Bacche.json,9005,1,12838.0,26994.0,0.0
D0-HIRES:6_PLANT:WHEAT_STRUC:BUILD_PASTURE,episode-108889105-replay_Aggri_goon.json,9002,0,25079.0,42195.0,0.0
D0-HIRES:4_PLANT:WHEAT_STRUC:BUILD_PASTURE,episode-108890045-replay_Lavanya_Bacche.json,9005,0,23195.0,13862.0,1.0
D0-HIRES:6_PLANT:WHEAT_STRUC:BUILD_PASTURE,episode-108889105-replay_Aggri_goon.json,9001,1,28966.0,39873.0,0.0
D0-HIRES:6_PLANT:WHEAT_STRUC:BUILD_PASTURE,episode-108889105-replay_Aggri_goon.json,9004,0,23669.0,34892.0,0.0
D0-HIRES:4_PLANT:WHEAT_STRUC:BUILD_PASTURE,episode-108890045-replay_Lavanya_Bacche.json,9007,1,13144.0,27533.0,0.0
D0-HIRES:6_PLANT:WHEAT_STRUC:BUILD_PASTURE,episode-108889105-replay_Aggri_goon.json,9002,1,26525.0,32778.0,0.0
D0-HIRES:6_PLANT:WHEAT_STRUC:BUILD_PASTURE,episode-108889105-replay_Aggri_goon.json,9003,0,26853.0,42259.0,0.0
D0-HIRES:6_PLANT:WHEAT_STRUC:BUILD_PASTURE,episode-108889105-replay_Aggri_goon.json,9003,1,24455.0,37703.0,0.0
D0-HIRES:6_PLANT:WHEAT_STRUC:BUILD_PASTURE,episode-108889105-replay_Aggri_goon.json,9000,1,26692.0,38950.0,0.0
D0-HIRES:6_PLANT:WHEAT_STRUC:BUILD_PASTURE,episode-108889105-replay_Aggri_goon.json,9005,0,32739.0,44416.0,0.0
D0-HIRES:6_PLANT:WHEAT_STRUC:BUILD_PASTURE,episode-108889105-replay_Aggri_goon.json,9007,1,27075.0,32990.0,0.0
D0-HIRES:6_PLANT:WHEAT_STRUC:BUILD_PASTURE,episode-108889105-replay_Aggri_goon.json,9005,1,28944.0,40901.0,0.0
D0-HIRES:6_PLANT:WHEAT_STRUC:BUILD_PASTURE,episode-108889105-replay_Aggri_goon.json,9004,1,25997.0,31356.0,0.0
D0-HIRES:6_PLANT:WHEAT_STRUC:BUILD_PASTURE,episode-108889105-replay_Aggri_goon.json,9006,1,28012.0,32801.0,0.0
D0-HIRES:6_PLANT:WHEAT_STRUC:BUILD_PASTURE,episode-108889105-replay_Aggri_goon.json,9006,0,27089.0,44850.0,0.0
D0-HIRES:6_PLANT:WHEAT_STRUC:BUILD_PASTURE,episode-108889105-replay_Aggri_goon.json,9007,0,30905.0,42861.0,0.0
