Seed,Day,V057_Cash,Opp_Cash,Cash_Diff,V057_Plants,Opp_Plants
10000,0,0,0,0,0,0
10000,3,0,0,0,16,10
10000,6,0,0,0,18,19
10000,9,0,0,0,28,36
10000,12,0,0,0,16,61
10000,15,0,0,0,14,61
10000,18,0,0,0,10,61
10000,21,0,0,0,14,57
10000,24,0,0,0,18,61
10000,27,0,0,0,36,62
10000,29,0,0,0,18,27
10001,0,0,0,0,0,0
10001,3,0,0,0,17,10
10001,6,0,0,0,18,19
10001,9,0,0,0,28,36
10001,12,0,0,0,16,61
10001,15,0,0,0,14,61
10001,18,0,0,0,10,61
10001,21,0,0,0,14,57
10001,24,0,0,0,18,61
10001,27,0,0,0,36,62
10001,29,0,0,0,18,27
10002,0,0,0,0,0,0
10002,3,0,0,0,16,10
10002,6,0,0,0,18,19
10002,9,0,0,0,28,36
10002,12,0,0,0,26,61
10002,15,0,0,0,23,61
10002,18,0,0,0,18,61
10002,21,0,0,0,24,57
10002,24,0,0,0,32,61
10002,27,0,0,0,51,62
10002,29,0,0,0,37,27
10003,0,0,0,0,0,0
10003,3,0,0,0,16,10
10003,6,0,0,0,18,19
10003,9,0,0,0,28,36
10003,12,0,0,0,25,61
10003,15,0,0,0,22,61
10003,18,0,0,0,17,61
10003,21,0,0,0,23,57
10003,24,0,0,0,30,61
10003,27,0,0,0,50,62
10003,29,0,0,0,37,27
10004,0,0,0,0,0,0
10004,3,0,0,0,16,10
10004,6,0,0,0,18,19
10004,9,0,0,0,28,36
10004,12,0,0,0,25,60
10004,15,0,0,0,22,60
10004,18,0,0,0,17,60
10004,21,0,0,0,23,56
10004,24,0,0,0,31,60
10004,27,0,0,0,50,61
10004,29,0,0,0,37,27
