config,seed,cand_is_p0,cand_score,v025_score,won,delta
No_Succession,42,True,85442.0,80149.0,1,5293.0
No_Succession,42,False,43987.0,29170.0,1,14817.0
No_Succession,101,True,56395.0,52844.0,1,3551.0
No_Succession,101,False,57328.0,55019.0,1,2309.0
No_Succession,202,True,63003.0,63032.0,0,-29.0
No_Succession,202,False,68472.0,66504.0,1,1968.0
No_Succession,303,True,51219.0,38978.0,1,12241.0
No_Succession,303,False,53451.0,41528.0,1,11923.0
No_Succession,404,True,51325.0,49019.0,1,2306.0
No_Succession,404,False,54475.0,51996.0,1,2479.0
No_Succession,505,True,51502.0,46989.0,1,4513.0
No_Succession,505,False,53274.0,47659.0,1,5615.0
No_Succession,606,True,44843.0,38844.0,1,5999.0
No_Succession,606,False,46954.0,44902.0,1,2052.0
No_Succession,707,True,48335.0,40670.0,1,7665.0
No_Succession,707,False,37779.0,28225.0,1,9554.0
No_Succession,808,True,49931.0,40212.0,1,9719.0
No_Succession,808,False,56153.0,44594.0,1,11559.0
No_Succession,909,True,81129.0,82043.0,0,-914.0
No_Succession,909,False,62335.0,62538.0,0,-203.0
Destroy_D21,42,True,60141.0,79726.0,0,-19585.0
Destroy_D21,42,False,21420.0,32500.0,0,-11080.0
Destroy_D21,101,True,34818.0,54000.0,0,-19182.0
Destroy_D21,101,False,36169.0,56917.0,0,-20748.0
Destroy_D21,202,True,45868.0,67701.0,0,-21833.0
Destroy_D21,202,False,51155.0,70521.0,0,-19366.0
Destroy_D21,303,True,17482.0,41621.0,0,-24139.0
Destroy_D21,303,False,22905.0,41915.0,0,-19010.0
Destroy_D21,404,True,27899.0,49858.0,0,-21959.0
Destroy_D21,404,False,24611.0,53131.0,0,-28520.0
Destroy_D21,505,True,29208.0,46996.0,0,-17788.0
Destroy_D21,505,False,30973.0,48410.0,0,-17437.0
Destroy_D21,606,True,24805.0,42126.0,0,-17321.0
Destroy_D21,606,False,23494.0,47306.0,0,-23812.0
Destroy_D21,707,True,23166.0,40822.0,0,-17656.0
Destroy_D21,707,False,14251.0,29291.0,0,-15040.0
Destroy_D21,808,True,26370.0,41468.0,0,-15098.0
Destroy_D21,808,False,25490.0,44996.0,0,-19506.0
Destroy_D21,909,True,62213.0,83142.0,0,-20929.0
Destroy_D21,909,False,36780.0,63371.0,0,-26591.0
Destroy_D22,42,True,66833.0,81283.0,0,-14450.0
Destroy_D22,42,False,25476.0,32066.0,0,-6590.0
Destroy_D22,101,True,39505.0,53549.0,0,-14044.0
Destroy_D22,101,False,39572.0,56552.0,0,-16980.0
Destroy_D22,202,True,49265.0,67156.0,0,-17891.0
Destroy_D22,202,False,54603.0,70074.0,0,-15471.0
Destroy_D22,303,True,24926.0,41160.0,0,-16234.0
Destroy_D22,303,False,28094.0,41653.0,0,-13559.0
Destroy_D22,404,True,31720.0,49539.0,0,-17819.0
Destroy_D22,404,False,31528.0,52482.0,0,-20954.0
Destroy_D22,505,True,33460.0,47603.0,0,-14143.0
Destroy_D22,505,False,35143.0,48139.0,0,-12996.0
Destroy_D22,606,True,28318.0,41829.0,0,-13511.0
Destroy_D22,606,False,28556.0,46582.0,0,-18026.0
Destroy_D22,707,True,25394.0,40646.0,0,-15252.0
Destroy_D22,707,False,17131.0,29065.0,0,-11934.0
Destroy_D22,808,True,29577.0,41164.0,0,-11587.0
Destroy_D22,808,False,30962.0,44649.0,0,-13687.0
Destroy_D22,909,True,64822.0,82987.0,0,-18165.0
Destroy_D22,909,False,40059.0,63020.0,0,-22961.0
Destroy_D23,42,True,68617.0,82140.0,0,-13523.0
Destroy_D23,42,False,26291.0,29713.0,0,-3422.0
Destroy_D23,101,True,40849.0,53503.0,0,-12654.0
Destroy_D23,101,False,41308.0,56091.0,0,-14783.0
Destroy_D23,202,True,48377.0,64909.0,0,-16532.0
Destroy_D23,202,False,55493.0,70549.0,0,-15056.0
Destroy_D23,303,True,24713.0,37946.0,0,-13233.0
Destroy_D23,303,False,31356.0,42545.0,0,-11189.0
Destroy_D23,404,True,34070.0,49554.0,0,-15484.0
Destroy_D23,404,False,32634.0,52723.0,0,-20089.0
Destroy_D23,505,True,35496.0,47469.0,0,-11973.0
Destroy_D23,505,False,35994.0,48196.0,0,-12202.0
Destroy_D23,606,True,27334.0,39679.0,0,-12345.0
Destroy_D23,606,False,30090.0,46673.0,0,-16583.0
Destroy_D23,707,True,27323.0,43173.0,0,-15850.0
Destroy_D23,707,False,19017.0,29291.0,0,-10274.0
Destroy_D23,808,True,30265.0,41437.0,0,-11172.0
Destroy_D23,808,False,32797.0,44783.0,0,-11986.0
Destroy_D23,909,True,65816.0,82044.0,0,-16228.0
Destroy_D23,909,False,41362.0,62918.0,0,-21556.0
Destroy_D24,42,True,73490.0,80894.0,0,-7404.0
Destroy_D24,42,False,30736.0,29394.0,1,1342.0
Destroy_D24,101,True,45913.0,53312.0,0,-7399.0
Destroy_D24,101,False,45394.0,55246.0,0,-9852.0
Destroy_D24,202,True,52738.0,63811.0,0,-11073.0
Destroy_D24,202,False,57517.0,66672.0,0,-9155.0
Destroy_D24,303,True,33211.0,38966.0,0,-5755.0
Destroy_D24,303,False,36204.0,41390.0,0,-5186.0
Destroy_D24,404,True,39136.0,49124.0,0,-9988.0
Destroy_D24,404,False,39586.0,52214.0,0,-12628.0
Destroy_D24,505,True,40769.0,46973.0,0,-6204.0
Destroy_D24,505,False,41589.0,47769.0,0,-6180.0
Destroy_D24,606,True,31096.0,39142.0,0,-8046.0
Destroy_D24,606,False,35328.0,45672.0,0,-10344.0
Destroy_D24,707,True,32799.0,40857.0,0,-8058.0
Destroy_D24,707,False,23199.0,28525.0,0,-5326.0
Destroy_D24,808,True,35690.0,40680.0,0,-4990.0
Destroy_D24,808,False,38820.0,44545.0,0,-5725.0
Destroy_D24,909,True,68459.0,81919.0,0,-13460.0
Destroy_D24,909,False,47623.0,62740.0,0,-15117.0
Destroy_D25,42,True,74326.0,80823.0,0,-6497.0
Destroy_D25,42,False,31437.0,29431.0,1,2006.0
Destroy_D25,101,True,47395.0,53260.0,0,-5865.0
Destroy_D25,101,False,46882.0,55145.0,0,-8263.0
Destroy_D25,202,True,53987.0,63688.0,0,-9701.0
Destroy_D25,202,False,59032.0,66716.0,0,-7684.0
Destroy_D25,303,True,33476.0,38959.0,0,-5483.0
Destroy_D25,303,False,39963.0,41421.0,0,-1458.0
Destroy_D25,404,True,41434.0,49050.0,0,-7616.0
Destroy_D25,404,False,40885.0,52200.0,0,-11315.0
Destroy_D25,505,True,41621.0,47001.0,0,-5380.0
Destroy_D25,505,False,42877.0,47716.0,0,-4839.0
Destroy_D25,606,True,34134.0,38978.0,0,-4844.0
Destroy_D25,606,False,36181.0,45589.0,0,-9408.0
Destroy_D25,707,True,33677.0,40231.0,0,-6554.0
Destroy_D25,707,False,25211.0,28419.0,0,-3208.0
Destroy_D25,808,True,36998.0,40613.0,0,-3615.0
Destroy_D25,808,False,40202.0,44465.0,0,-4263.0
Destroy_D25,909,True,70512.0,81885.0,0,-11373.0
Destroy_D25,909,False,48737.0,62704.0,0,-13967.0
Progressive_Partial,42,True,67711.0,81169.0,0,-13458.0
Progressive_Partial,42,False,26505.0,30627.0,0,-4122.0
Progressive_Partial,101,True,40815.0,53432.0,0,-12617.0
Progressive_Partial,101,False,40868.0,56422.0,0,-15554.0
Progressive_Partial,202,True,50132.0,67101.0,0,-16969.0
Progressive_Partial,202,False,54908.0,70099.0,0,-15191.0
Progressive_Partial,303,True,25797.0,41125.0,0,-15328.0
Progressive_Partial,303,False,29756.0,41591.0,0,-11835.0
Progressive_Partial,404,True,35046.0,49296.0,0,-14250.0
Progressive_Partial,404,False,31996.0,52470.0,0,-20474.0
Progressive_Partial,505,True,34370.0,47540.0,0,-13170.0
Progressive_Partial,505,False,36028.0,48083.0,0,-12055.0
Progressive_Partial,606,True,28804.0,41805.0,0,-13001.0
Progressive_Partial,606,False,29686.0,46424.0,0,-16738.0
Progressive_Partial,707,True,26039.0,40598.0,0,-14559.0
Progressive_Partial,707,False,18814.0,28963.0,0,-10149.0
Progressive_Partial,808,True,30496.0,41092.0,0,-10596.0
Progressive_Partial,808,False,32275.0,44582.0,0,-12307.0
Progressive_Partial,909,True,66406.0,82903.0,0,-16497.0
Progressive_Partial,909,False,41184.0,62949.0,0,-21765.0
GM_Staggered_D23_25,42,True,70311.0,80796.0,0,-10485.0
GM_Staggered_D23_25,42,False,29180.0,31891.0,0,-2711.0
GM_Staggered_D23_25,101,True,42157.0,53400.0,0,-11243.0
GM_Staggered_D23_25,101,False,43028.0,56253.0,0,-13225.0
GM_Staggered_D23_25,202,True,52058.0,67342.0,0,-15284.0
GM_Staggered_D23_25,202,False,57888.0,70336.0,0,-12448.0
GM_Staggered_D23_25,303,True,27766.0,37956.0,0,-10190.0
GM_Staggered_D23_25,303,False,32269.0,41376.0,0,-9107.0
GM_Staggered_D23_25,404,True,35091.0,49027.0,0,-13936.0
GM_Staggered_D23_25,404,False,35697.0,51627.0,0,-15930.0
GM_Staggered_D23_25,505,True,36872.0,47238.0,0,-10366.0
GM_Staggered_D23_25,505,False,38494.0,48712.0,0,-10218.0
GM_Staggered_D23_25,606,True,28003.0,40138.0,0,-12135.0
GM_Staggered_D23_25,606,False,30751.0,46208.0,0,-15457.0
GM_Staggered_D23_25,707,True,28681.0,39670.0,0,-10989.0
GM_Staggered_D23_25,707,False,19814.0,28899.0,0,-9085.0
GM_Staggered_D23_25,808,True,34136.0,41661.0,0,-7525.0
GM_Staggered_D23_25,808,False,35435.0,44461.0,0,-9026.0
GM_Staggered_D23_25,909,True,66666.0,82882.0,0,-16216.0
GM_Staggered_D23_25,909,False,44656.0,62691.0,0,-18035.0
Wheat_Count_20,42,True,68617.0,82140.0,0,-13523.0
Wheat_Count_20,42,False,26291.0,29713.0,0,-3422.0
Wheat_Count_20,101,True,40849.0,53503.0,0,-12654.0
Wheat_Count_20,101,False,41308.0,56091.0,0,-14783.0
Wheat_Count_20,202,True,48377.0,64909.0,0,-16532.0
Wheat_Count_20,202,False,55493.0,70549.0,0,-15056.0
Wheat_Count_20,303,True,24713.0,37946.0,0,-13233.0
Wheat_Count_20,303,False,31356.0,42545.0,0,-11189.0
Wheat_Count_20,404,True,34070.0,49554.0,0,-15484.0
Wheat_Count_20,404,False,32634.0,52723.0,0,-20089.0
Wheat_Count_20,505,True,35496.0,47469.0,0,-11973.0
Wheat_Count_20,505,False,35994.0,48196.0,0,-12202.0
Wheat_Count_20,606,True,27334.0,39679.0,0,-12345.0
Wheat_Count_20,606,False,30090.0,46673.0,0,-16583.0
Wheat_Count_20,707,True,27323.0,43173.0,0,-15850.0
Wheat_Count_20,707,False,19017.0,29291.0,0,-10274.0
Wheat_Count_20,808,True,30265.0,41437.0,0,-11172.0
Wheat_Count_20,808,False,32797.0,44783.0,0,-11986.0
Wheat_Count_20,909,True,65816.0,82044.0,0,-16228.0
Wheat_Count_20,909,False,41362.0,62918.0,0,-21556.0
Wheat_Count_25,42,True,68617.0,82140.0,0,-13523.0
Wheat_Count_25,42,False,26291.0,29713.0,0,-3422.0
Wheat_Count_25,101,True,40849.0,53503.0,0,-12654.0
Wheat_Count_25,101,False,41308.0,56091.0,0,-14783.0
Wheat_Count_25,202,True,48377.0,64909.0,0,-16532.0
Wheat_Count_25,202,False,55493.0,70549.0,0,-15056.0
Wheat_Count_25,303,True,24713.0,37946.0,0,-13233.0
Wheat_Count_25,303,False,31356.0,42545.0,0,-11189.0
Wheat_Count_25,404,True,34070.0,49554.0,0,-15484.0
Wheat_Count_25,404,False,32634.0,52723.0,0,-20089.0
Wheat_Count_25,505,True,35496.0,47469.0,0,-11973.0
Wheat_Count_25,505,False,35994.0,48196.0,0,-12202.0
Wheat_Count_25,606,True,27334.0,39679.0,0,-12345.0
Wheat_Count_25,606,False,30090.0,46673.0,0,-16583.0
Wheat_Count_25,707,True,27323.0,43173.0,0,-15850.0
Wheat_Count_25,707,False,19017.0,29291.0,0,-10274.0
Wheat_Count_25,808,True,30265.0,41437.0,0,-11172.0
Wheat_Count_25,808,False,32797.0,44783.0,0,-11986.0
Wheat_Count_25,909,True,65816.0,82044.0,0,-16228.0
Wheat_Count_25,909,False,41362.0,62918.0,0,-21556.0
Wheat_Count_30,42,True,68617.0,82140.0,0,-13523.0
Wheat_Count_30,42,False,26291.0,29713.0,0,-3422.0
Wheat_Count_30,101,True,40849.0,53503.0,0,-12654.0
Wheat_Count_30,101,False,41308.0,56091.0,0,-14783.0
Wheat_Count_30,202,True,48377.0,64909.0,0,-16532.0
Wheat_Count_30,202,False,55493.0,70549.0,0,-15056.0
Wheat_Count_30,303,True,24713.0,37946.0,0,-13233.0
Wheat_Count_30,303,False,31356.0,42545.0,0,-11189.0
Wheat_Count_30,404,True,34070.0,49554.0,0,-15484.0
Wheat_Count_30,404,False,32634.0,52723.0,0,-20089.0
Wheat_Count_30,505,True,35496.0,47469.0,0,-11973.0
Wheat_Count_30,505,False,35994.0,48196.0,0,-12202.0
Wheat_Count_30,606,True,27334.0,39679.0,0,-12345.0
Wheat_Count_30,606,False,30090.0,46673.0,0,-16583.0
Wheat_Count_30,707,True,27323.0,43173.0,0,-15850.0
Wheat_Count_30,707,False,19017.0,29291.0,0,-10274.0
Wheat_Count_30,808,True,30265.0,41437.0,0,-11172.0
Wheat_Count_30,808,False,32797.0,44783.0,0,-11986.0
Wheat_Count_30,909,True,65816.0,82044.0,0,-16228.0
Wheat_Count_30,909,False,41362.0,62918.0,0,-21556.0
Wheat_Count_40,42,True,68617.0,82140.0,0,-13523.0
Wheat_Count_40,42,False,26291.0,29713.0,0,-3422.0
Wheat_Count_40,101,True,40849.0,53503.0,0,-12654.0
Wheat_Count_40,101,False,41308.0,56091.0,0,-14783.0
Wheat_Count_40,202,True,48377.0,64909.0,0,-16532.0
Wheat_Count_40,202,False,55493.0,70549.0,0,-15056.0
Wheat_Count_40,303,True,24713.0,37946.0,0,-13233.0
Wheat_Count_40,303,False,31356.0,42545.0,0,-11189.0
Wheat_Count_40,404,True,34070.0,49554.0,0,-15484.0
Wheat_Count_40,404,False,32634.0,52723.0,0,-20089.0
Wheat_Count_40,505,True,35496.0,47469.0,0,-11973.0
Wheat_Count_40,505,False,35994.0,48196.0,0,-12202.0
Wheat_Count_40,606,True,27334.0,39679.0,0,-12345.0
Wheat_Count_40,606,False,30090.0,46673.0,0,-16583.0
Wheat_Count_40,707,True,27323.0,43173.0,0,-15850.0
Wheat_Count_40,707,False,19017.0,29291.0,0,-10274.0
Wheat_Count_40,808,True,30265.0,41437.0,0,-11172.0
Wheat_Count_40,808,False,32797.0,44783.0,0,-11986.0
Wheat_Count_40,909,True,65816.0,82044.0,0,-16228.0
Wheat_Count_40,909,False,41362.0,62918.0,0,-21556.0
Wheat_Count_45,42,True,68617.0,82140.0,0,-13523.0
Wheat_Count_45,42,False,26291.0,29713.0,0,-3422.0
Wheat_Count_45,101,True,40849.0,53503.0,0,-12654.0
Wheat_Count_45,101,False,41308.0,56091.0,0,-14783.0
Wheat_Count_45,202,True,48377.0,64909.0,0,-16532.0
Wheat_Count_45,202,False,55493.0,70549.0,0,-15056.0
Wheat_Count_45,303,True,24713.0,37946.0,0,-13233.0
Wheat_Count_45,303,False,31356.0,42545.0,0,-11189.0
Wheat_Count_45,404,True,34070.0,49554.0,0,-15484.0
Wheat_Count_45,404,False,32634.0,52723.0,0,-20089.0
Wheat_Count_45,505,True,35496.0,47469.0,0,-11973.0
Wheat_Count_45,505,False,35994.0,48196.0,0,-12202.0
Wheat_Count_45,606,True,27334.0,39679.0,0,-12345.0
Wheat_Count_45,606,False,30090.0,46673.0,0,-16583.0
Wheat_Count_45,707,True,27323.0,43173.0,0,-15850.0
Wheat_Count_45,707,False,19017.0,29291.0,0,-10274.0
Wheat_Count_45,808,True,30265.0,41437.0,0,-11172.0
Wheat_Count_45,808,False,32797.0,44783.0,0,-11986.0
Wheat_Count_45,909,True,65816.0,82044.0,0,-16228.0
Wheat_Count_45,909,False,41362.0,62918.0,0,-21556.0
